Address,Balance △1w/△1m,% of coins,First In,Last In,Ins,First Out,Last Out,Outs,
1,34xp4vRoCGJym3xR7yCVPFHoCNxv4Twseo,248.597,"3,80%",18/10/2018 14:59,25/08/2023 18:48,805,18/10/2018 15:19,07/01/2023 7:15,451
2,bc1qgdjqv0av3q56jvd82tkdjpy7gdp9ut8tlqmgrpmv24sq90ecnvqqjwvw97,178.010,"2,72%",16/08/2019 12:00,10/07/2023 0:20,133,02/02/2020 18:43,30/03/2023 18:46,111
3,bc1ql49ydapnjafl5t2cp9zqpjwe6pdgmxy98859v2,118.300,"1,81%",08/05/2023 20:42,31/08/2023 8:49,163,10/05/2023 1:16,10/05/2023 1:16,1
4,39884E3j6KZj82FK4vcCrkUvWYL5MQaS3v,115.177,"1,76%",19/06/2023 11:54,27/07/2023 20:50,5,,,
5,bc1qazcm763858nkj2dj986etajv6wquslv8uxwczt,94.643,"1,45%",01/02/2022 5:14,25/05/2023 20:29,68,,,
6,37XuVSEpWW4trkfmvWzegTHQt7BdktSKUs,94.505,"1,45%",06/09/2019 5:30,22/06/2023 10:29,155,04/07/2021 5:56,04/07/2021 6:10,2
7,1FeexV6bAHb8ybZjqQMjJrcCrHGW9sb6uF,79.957,"1,22%",01/03/2011 11:26,30/08/2023 23:52,520,,,
8,bc1qa5wkgaew2dkv56kfvj49j0av5nml45x9ek9hz6,69.370,"1,06%",03/11/2020 22:31,13/07/2023 13:36,69,,,
9,3LYJfcfHPXYJreMsASk2jkn69LWEYKzexb,68.200,"1,04%",17/06/2019 13:52,10/07/2023 0:20,69,18/11/2022 4:36,18/11/2022 4:36,54
10,bc1qd4ysezhmypwty5dnw7c8nqy5h5nxg0xqsvaefd0qn5kq32vwnwqqgv4rzr,59.300,907.08%,11/10/2021 14:39,10/08/2023 8:44,59,15/07/2022 17:51,18/07/2023 17:42,55
11,bc1qjasf9z3h7w3jspkhtgatgpyvvzgpa2wwd2lr0eh5tx44reyn2k7sfc27a4,55.022,841.64%,30/09/2022 13:50,19/07/2023 15:47,30,30/09/2022 15:24,19/07/2023 15:47,28
12,1LdRcdxfbSnmCYYNdeYpUnztiYzVfBEQeC,53.880,824.17%,28/05/2014 0:49,12/08/2023 0:09,158,,,
13,1AC4fMwgY8j9onSbXEWeH6Zan8QGMSdmtA,51.830,792.82%,07/01/2018 15:45,25/05/2023 10:58,120,,,
14,1LruNZjwamWJXThX2Y8C2d47QqhAkkc5os,44.000,673.04%,24/11/2019 16:11,23/04/2023 13:14,49,,,
15,bc1qm34lsc65zpw79lxes69zkqmk6ee3ewf0j77s3h,42.126,644.37%,08/10/2021 9:14,02/09/2023 20:17,1229437,12/10/2021 9:03,02/09/2023 20:17,1228371
16,3LCGsSmfr24demGvriN4e3ft8wEcDuHFqh 2-of-2,41.145,629.36%,01/10/2019 5:09,01/09/2023 13:17,7108,09/10/2019 6:48,01/09/2023 5:05,7081
17,38DN2uFMZPiHLHJigfv4kWC9JWJrNnhLcn,40.041,612.48%,07/05/2023 17:14,07/07/2023 5:55,2,,,
18,3LQUu4v9z6KNch71j7kbj8GPeAGUo1FW6a,37.927,580.14%,24/10/2021 17:14,23/04/2023 13:14,11,,,
19,bc1qjh0akslml59uuczddqu0y4p3vj64hg5mc94c40,36.293,555.15%,11/03/2021 15:37,01/09/2023 16:18,21,01/04/2021 9:16,20/06/2023 9:28,3
20,bc1q7ydrtdn8z62xhslqyqtyt38mm4e2c4h3mxjkug,36.000,550.68%,27/07/2021 15:54,11/08/2023 15:03,29,,,
21,1Ay8vMC7R1UbyCCZRVULMV7iQpHSAbguJP,33.992,519.96%,02/11/2022 7:45,02/09/2023 18:29,509,02/11/2022 11:42,10/07/2023 9:05,134
22,bc1qs5vdqkusz4v7qac8ynx0vt9jrekwuupx2fl5udp9jql3sr03z3gsr2mf0f,32.601,498.67%,16/08/2023 2:56,30/08/2023 3:56,13,21/08/2023 16:59,23/08/2023 11:55,2
23,12XqeqZRVkBDgmPLVY4ZC6Y4ruUUEug8Fx,32.321,494.39%,13/12/2020 14:01,18/08/2023 8:29,33,12/04/2022 7:39,23/04/2022 14:41,10
24,bc1qx9t2l3pyny2spqpqlye8svce70nppwtaxwdrp4,31.643,484.03%,12/05/2020 2:57,05/08/2023 0:42,4730,20/07/2020 4:53,20/07/2020 4:53,1
25,3FHNBLobJnbCTFTVakh5TXmEneyf5PT61B,31.275,478.40%,26/07/2021 16:25,12/01/2023 21:31,9,,,
26,3MgEAFWu1HKSnZ5ZsC8qf61ZW18xrP5pgd,31.260,478.17%,16/12/2022 2:48,30/08/2023 7:24,91,21/12/2022 1:31,24/08/2023 0:21,46
27,12ib7dApVFvg82TXKycWBNpN8kFyiAN1dr,31.000,474.19%,13/05/2010 10:22,05/08/2023 4:32,158,02/06/2010 12:57,25/07/2010 1:35,4
28,bc1qf2yvj48mzkj7uf8lc2a9sa7w983qe256l5c8fs,30.175,461.56%,07/03/2023 18:54,15/07/2023 14:10,5,,,
29,12tkqA9xSoowkzoERHMWNKsTey55YEBqkv,28.151,430.61%,06/04/2010 0:47,30/06/2023 23:07,144,,,
30,19N9sDbJ7MDQcPFSjPNqjNDzyRNbNsQ6Zv,25.314,387.22%,01/09/2021 21:44,17/07/2023 16:43,26,07/09/2021 17:52,15/07/2022 15:31,7
31,1aXzEKiDJKzkPxTZy9zGc3y1nCDwDPub2,25.140,384.56%,04/08/2016 12:29,27/06/2023 23:09,227,18/11/2016 15:58,27/06/2023 23:09,226
32,17MWdxfjPYP2PYhdy885QtihfbW181r1rn,24.495,374.69%,13/12/2020 13:50,01/03/2023 21:43,16,,,
33,38UmuUqPCrFmQo4khkomQwZ4VbY2nZMJ67 2-of-6,24.067,368.14%,14/03/2016 23:20,25/05/2023 20:20,299,15/03/2016 18:57,25/05/2023 20:20,224
34,19D5J8c59P2bAkWKvxSYw8scD3KUNWoZ1C,23.969,366.64%,13/12/2020 12:33,19/12/2022 18:16,20,,,
35,3G98jSULfhrES1J9HKfZdDjXx1sTNvHkhN,23.922,365.92%,09/05/2023 5:51,27/07/2023 11:52,11,09/05/2023 7:59,27/07/2023 11:52,5
36,1932eKraQ3Ad9MeNBHb14WFQbNrLaKeEpT,22.900,350.29%,17/03/2020 14:28,24/10/2022 1:48,31,,,
37,1EfBwZeHBA5kqNBv6QMJnPSPAQw19x3SkS,21.979,336.20%,30/08/2023 19:08,30/08/2023 19:18,2,,,
38,1m5SViB9XNwsusvnnUqpfL9Q1E5EZxPHs,21.680,331.63%,22/11/2022 21:45,09/08/2023 17:43,7,,,
39,15cHRgVrGKz7qp2JL2N5mkB2MCFGLcnHxv,21.545,329.56%,16/06/2022 21:42,26/08/2023 18:37,18,18/06/2022 8:39,18/06/2022 8:39,2
40,bc1q4c8n5t00jmj8temxdgcc3t32nkg2wjwz24lywv,21.084,322.51%,11/01/2021 12:59,30/08/2023 12:16,46928,11/01/2021 13:53,18/08/2023 2:51,40978
41,17rm2dvb439dZqyMe2d4D6AQJSgg6yeNRn,20.008,306.05%,28/03/2017 15:59,25/05/2023 10:58,72,28/03/2017 16:04,28/03/2017 16:04,1
42,3EMVdMehEq5SFipQ5UfbsfMsH223sSz9A9 4-of-8,19.679,301.01%,01/02/2019 16:46,10/08/2023 18:06,56,15/08/2020 18:55,07/03/2023 16:41,32
43,1PeizMg76Cf96nUQrYg8xuoZWLQozU5zGW,19.414,296.97%,24/07/2010 14:16,17/06/2023 23:35,101,,,
44,bc1qyg4z96sy84594r4a28mc8esdkkuj4dq08jmtt5,19.035,291.17%,17/11/2022 4:23,17/11/2022 19:35,2,17/11/2022 18:14,17/11/2022 18:14,1
45,39gUvGynQ7Re3i15G3J2gp9DEB9LnLFPMN,18.915,289.33%,24/02/2021 14:55,17/07/2023 11:17,219,29/06/2021 14:40,17/07/2023 11:17,211
46,bc1qkz55x35wlnrkrn5n0nq4wwsme9vszrwavu5qf4,18.500,282.98%,22/07/2022 20:18,07/07/2023 6:44,4,,,
47,bc1q5vwscmf85w2vlq0qvr33dgpvu5rlrd42cqw6qn,17.976,274.97%,11/04/2023 22:40,30/08/2023 17:24,9,14/04/2023 3:34,30/08/2023 17:24,7
48,bc1qtrxc0use4hlm7fl0j6t37z7qlwl5eppj8lywz6,17.677,270.40%,24/07/2022 23:01,27/08/2023 23:59,76,,,
49,3Qxak1CZhLyZ7GVckKphLURdLBCjMfz9bA,17.669,270.27%,07/05/2023 17:21,13/06/2023 15:25,2,,,
50,3JZq4atUahhuA9rLhXLMhhTo133J9rF97j,17.509,267.83%,02/11/2018 21:14,01/09/2023 22:57,4451,04/11/2018 17:08,01/09/2023 22:30,4449
51,3H5JTt42K7RmZtromfTSefcMEFMMe18pMD,16.786,256.76%,23/12/2018 1:50,12/08/2022 18:06,74,28/01/2019 19:14,15/09/2021 20:29,15
52,bc1qcdqj2smprre85c78d942wx5tauw5n7uw92r7wr,16.501,252.40%,19/02/2023 4:12,30/08/2023 10:18,8537,21/02/2023 5:47,17/08/2023 8:33,2507
53,bc1qx2x5cqhymfcnjtg902ky6u5t5htmt7fvqztdsm028hkrvxcl4t2sjtpd9l,16.309,249.47%,22/07/2022 8:56,02/09/2023 10:11,1588,23/07/2022 7:13,02/09/2023 8:21,1586
54,34HpHYiyQwg69gFmCq2BGHjF1DZnZnBeBP,16.307,249.43%,22/10/2021 22:49,28/11/2022 8:39,4,,,
55,1BAuq7Vho2CEkVkUxbfU26LhwQjbCmWQkD,16.277,248.98%,29/01/2022 10:59,17/11/2022 20:57,7,,,
56,1GR9qNz7zgtaW5HwwVpEJWMnGWhsbsieCG,15.746,240.85%,22/01/2018 18:05,25/05/2023 10:58,70,22/01/2018 23:14,22/01/2018 23:14,1
57,1Pzaqw98PeRfyHypfqyEgg5yycJRsENrE7,15.001,229.46%,19/06/2023 11:30,19/06/2023 11:54,3,19/06/2023 11:54,19/06/2023 11:54,1
58,1FZy7CPFA2UqqQJYUA1cG9KvdDFbSMBJYG,14.240,217.81%,15/12/2021 21:53,18/08/2023 23:22,199,16/12/2021 1:54,06/04/2023 23:17,194
59,1KVpuCfhftkzJ67ZUegaMuaYey7qni7pPj,14.041,214.77%,01/11/2019 20:09,11/08/2022 7:42,21,02/11/2019 0:34,11/08/2022 6:33,5
60,1BZaYtmXka1y3Byi2yvXCDG92Tjz7ecwYj,14.000,214.15%,17/01/2018 5:20,26/08/2023 10:18,56,,,
61,bc1q4vxn43l44h30nkluqfxd9eckf45vr2awz38lwa,13.003,198.90%,27/07/2021 15:39,12/08/2023 6:55,12,,,
62,1JrFAUp3KP3ez8187EJCJXL9mTc3iuiuxX,12.831,196.27%,11/06/2023 17:46,31/08/2023 9:23,37,,,
63,3BMEXqGpG4FxBA1KWhRFufXfSTRgzfDBhJ 3-of-4,12.803,195.84%,18/07/2017 5:32,11/06/2023 15:15,127,28/07/2017 6:11,11/06/2023 15:15,126
64,31oxjGsmepoq2cipeGQ2zKZRRBCf1m3kAC 2-of-3,12.658,193.63%,06/08/2019 22:24,27/06/2023 18:40,22,07/08/2019 9:20,27/06/2023 18:40,11
65,35pgGeez3ou6ofrpjt8T7bvC9t6RrUK4p6 2-of-3,12.342,188.78%,08/06/2020 17:39,31/08/2023 10:29,750,16/06/2020 16:15,25/08/2023 19:02,633
66,1DNUjpHPNKMoKYBHxJz2Sh1uQQdJkGsXj5,12.267,187.64%,09/08/2022 20:09,09/08/2022 20:33,6,,,
67,bc1qcdeadk07jkthules0yw9u9ue9pklvr608ez94jgwcf7h2ldzcg6qwxp9er,12.042,184.21%,15/06/2022 8:25,18/07/2023 17:42,26,22/07/2022 19:25,18/07/2023 17:42,24
68,1Cr7EjvS8C7gfarREHCvFhd9gT3r46pfLb,11.400,174.38%,07/01/2018 13:57,17/12/2022 2:07,66,11/10/2019 10:09,09/01/2021 13:48,6
69,1JHceFenZHACSRPD6tE4bfU6yJ83wTG6kH,11.344,173.52%,23/11/2022 20:49,26/07/2023 10:44,53,30/12/2022 20:22,28/06/2023 21:37,48
70,3A9qNS69dngSU2ak8BwZKEExeVnL2RqpYJ,11.210,171.47%,16/12/2020 16:22,10/08/2023 11:20,37,,,
71,1F34duy2eeMz5mSrvFepVzy7Y1rBsnAyWC,10.771,164.75%,09/08/2011 0:14,25/05/2023 11:19,95,,,
72,bc1qhd0r5kh3u9mhac7de58qd2rdfx4kkv84kpx302,10.500,160.61%,28/12/2020 20:43,03/07/2022 18:00,15,,,
73,385cR5DM96n1HvBDMzLHPYcw89fZAXULJP,10.302,157.58%,21/12/2018 2:16,19/06/2023 11:11,135,09/01/2019 23:58,09/05/2023 21:37,78
74,36zSLdRv1jyewjaC12fqK5fptn7PqewunL,10.032,153.45%,07/05/2023 17:32,07/07/2023 6:44,2,,,
75,1f1miYFQWTzdLiCBxtHHnNiW7WAWPUccr,10.009,153.11%,04/05/2011 4:10,25/05/2023 23:53,77,,,
76,bc1qsxdxm0exqdsmnl9ejrz250xqxrxpxkgf5nhhtq,10.002,152.99%,14/08/2021 6:37,21/10/2022 0:09,3,,,
77,bc1qtef0p08lputg4qazhx2md43ynhc9kp20pn297qnz68068d9z48asmemanj,10.001,152.98%,12/11/2021 13:19,26/01/2023 19:16,5,22/04/2022 19:31,22/04/2022 19:31,2
78,12d1e4x5oprNf7au7BrTryx5D5mGCrXLY5,10.000,152.97%,18/08/2023 11:26,18/08/2023 11:30,5,,,
79,1BAFWQhH9pNkz3mZDQ1tWrtKkSHVCkc3fV,10.000,152.96%,04/05/2011 4:01,25/05/2023 14:43,46,,,
80,bc1qe75775tzuvspl59cw77ycc472jl0sgue69x3up,10.000,152.96%,31/12/2021 13:48,17/06/2022 3:10,22,,,
81,14YK4mzJGo5NKkNnmVJeuEAQftLt795Gec,10.000,152.96%,04/05/2011 3:40,25/05/2023 12:55,56,,,
82,1Ki3WTEEqTLPNsN5cGTsMkL2sJ4m5mdCXT,10.000,152.96%,17/10/2017 1:18,25/05/2023 12:55,43,,,
83,1KbrSKrT3GeEruTuuYYUSQ35JwKbrAWJYm,10.000,152.96%,03/04/2011 0:18,25/05/2023 12:55,66,,,
84,1P1iThxBH542Gmk1kZNXyji4E4iwpvSbrt,10.000,152.96%,04/05/2011 3:14,28/05/2023 5:20,53,,,
85,12tLs9c9RsALt4ockxa1hB4iTCTSmxj2me,10.000,152.96%,02/04/2011 23:08,25/05/2023 12:55,52,,,
86,1ucXXZQSEf4zny2HRwAQKtVpkLPTUKRtt,10.000,152.96%,04/05/2011 4:01,25/05/2023 12:47,40,,,
87,1CPaziTqeEixPoSFtJxu74uDGbpEAotZom,10.000,152.96%,04/05/2011 3:28,28/05/2023 5:20,40,,,
88,1GUfWdZQoo2pQ4BKHsiegxuZPnheY5ueTm,10.000,152.96%,02/11/2022 9:04,16/06/2023 15:12,7,02/11/2022 11:42,02/11/2022 11:42,1
89,12HnxiXEeKUVjQRbMVTytsGWnzHd5LdGCt,10.000,152.96%,02/11/2022 8:58,04/11/2022 15:25,6,02/11/2022 11:42,02/11/2022 11:42,1
90,17uULjz9moeLyjXHoKNwDRgKzf8ahY3Jia,10.000,152.96%,02/11/2022 8:58,04/11/2022 15:25,6,02/11/2022 11:42,02/11/2022 11:42,1
91,18qNs1yBGGKR8RyErnEF5kegbNUgPfixhS,10.000,152.96%,02/11/2022 9:04,04/11/2022 14:30,6,02/11/2022 11:42,02/11/2022 11:42,1
92,1MewpRkpcbFdqamPPYc1bXa9AJ189Succy,10.000,152.96%,02/11/2022 7:45,04/11/2022 17:55,4,02/11/2022 11:42,02/11/2022 11:42,1
93,1DzsfLRDfbmQM99xm59au2SrTY3YmciBSB,10.000,152.96%,02/11/2022 8:24,04/11/2022 17:26,4,02/11/2022 11:42,02/11/2022 11:42,1
94,1MtUMTqtdrpT6Rar5fgWoyrzAevatssej5,10.000,152.96%,02/11/2022 8:24,04/11/2022 17:15,4,02/11/2022 11:42,02/11/2022 11:42,1
95,1NhJGUJu8rrTwPS4vopsdTqqcK4nAwdLwJ,10.000,152.96%,02/11/2022 8:37,04/11/2022 16:21,4,02/11/2022 11:42,02/11/2022 11:42,1
96,1DP3VYwN6ozHXDDaETbvNFLd86CAXfaewi,10.000,152.96%,02/11/2022 8:37,04/11/2022 15:58,4,02/11/2022 11:42,02/11/2022 11:42,1
97,1H2MXWiSniAgg7ykdXEzPHL6oTH1ic4kP,10.000,152.96%,02/11/2022 7:32,04/11/2022 15:58,4,02/11/2022 8:24,02/11/2022 8:24,1
98,bc1q5nfww5jn5k4ghg7dpa4gy85x7uu3l4g0m0re76,10.000,152.96%,19/05/2022 20:28,28/06/2023 7:38,23,,,
99,1LnoZawVFFQihU8d8ntxLMpYheZUfyeVAK,10.000,152.96%,18/01/2020 7:10,23/12/2022 8:44,17,,,
100,1JQULE6yHr9UaitLr4wahTwJN7DaMX7W1Z,10.000,152.96%,18/01/2020 7:10,30/07/2023 7:23,19,,,
